{"cameraMode":{"drawMode":0,"name":"Shaded","section":"Shading Mode"},"sceneLighting":true,"audioPlay":false,"sceneViewState":{"showFog":true,"showMaterialUpdate":false,"showSkybox":true,"showFlares":true,"showImageEffects":true,"showParticleSystems":true},"in2DMode":false,"pivot":{"x":-0.20040756464004517,"y":-0.9695888757705689,"z":-0.6505911350250244},"rotation":{"x":-0.2348177284002304,"y":0.6100066304206848,"z":-0.19593919813632966,"w":-0.7309996485710144},"size":8.902251243591309,"orthographic":false}