{"cameraMode":{"drawMode":0,"name":"Shaded","section":"Shading Mode"},"sceneLighting":false,"audioPlay":false,"sceneViewState":{"showFog":true,"showMaterialUpdate":false,"showSkybox":false,"showFlares":true,"showImageEffects":true,"showParticleSystems":true},"in2DMode":false,"pivot":{"x":1.6750662326812745,"y":0.7323619723320007,"z":-6.395747661590576},"rotation":{"x":0.018164049834012986,"y":0.9686827659606934,"z":-0.07455258816480637,"w":0.23614779114723206},"size":2.5879242420196535,"orthographic":false}